{
  "name": "quickSnippets",
  "author": "椽承设计",
  "url": "https://github.com/leolee9086/quickSnippets",
  "version": "0.0.2",
  "displayName": {
    "default": "quickSnippets",
    "zh_CN": "quickSnippets"
  },
  "description": {
    "default": "This is a plugin add quick swtichs for snippets",
    "zh_CN": "这就一个用于快速开关代码片段的插件，如果你不怎么用代码片段可能你就不需要它"
  },
  "readme": {
    "default": "README.md",
    "en_US": "README_en_US.md",
    "zh_CN": "README.md"
  },
  "i18n": [
    "en_US",
    "zh_CN"
  ],
  "funding": {
    "custom": [
      "https://afdian.net/a/leolee9086"
    ]
  }
}
